{"0": {"val1": "T0", "val2": "T0"}, "1": {"val1": "T1", "val2": "T1"}, "2": {"val1": "T10", "val2": "T28"}, "3": {"val1": "T11", "val2": "T29"}, "4": {"val1": "T12", "val2": "T30"}, "5": {"val1": "T13", "val2": "T31"}, "6": {"val1": "T14", "val2": "T32"}, "7": {"val1": "T15", "val2": "T33"}, "8": {"val1": "T16", "val2": "T51"}, "9": {"val1": "T2", "val2": "T2"}, "10": {"val1": "T20", "val2": "T38"}, "11": {"val1": "T21", "val2": "T39"}, "12": {"val1": "T22", "val2": "T40"}, "13": {"val1": "T23", "val2": "T41"}, "14": {"val1": "T24", "val2": "T42"}, "15": {"val1": "T27", "val2": "T55"}, "16": {"val1": "T28", "val2": "T56"}, "17": {"val1": "T29", "val2": "T57"}, "18": {"val1": "T30", "val2": "T58"}, "19": {"val1": "T31", "val2": "T59"}, "20": {"val1": "T32", "val2": "T60"}, "21": {"val1": "T33", "val2": "T61"}, "22": {"val1": "T36", "val2": "T69"}, "23": {"val1": "T40", "val2": "T78"}, "24": {"val1": "T41", "val2": "T79"}, "25": {"val1": "T42", "val2": "T80"}, "26": {"val1": "T44", "val2": "T82"}, "27": {"val1": "T45", "val2": "T88"}, "28": {"val1": "T6", "val2": "T6"}, "29": {"val1": "T7", "val2": "T7"}, "30": {"val1": "T8", "val2": "T8"}, "31": {"val1": "T9", "val2": "T27"}}